nachname,gender
Graf von Aigul,male
Freiherr von Guerre,male
Freiherr von Lamer,male
Freiherr von Sante,male
Graf von Montagne,male
Baron von  Lepain,male
Baron von Poisson,male
Freiherr von Glace,male
Freiherr von Mouton,male
Freiherr von Plaje,male
Freiherr von Neige,male
Freiherr von Tempete,male
Graf von Aurore,male
Braon von Foret,male
Freiherr von Ciel,male
Baron von Lelac,male
Freiherr von Maree,male
Baron von Paysage,male
Freiherr von Greve,male
Graf von Houle,male
Baron von Manson,male
Gr채fin von Aigul,female
Freifrau von Guerre,female
Freifrau von Lamer,female
Freifrau von Sante,female
Gr채fin von Montagne,female
Baronin von  Lepain,female
Baronin von Poisson,female
Freifrau von Glace,female
Freifrau von Mouton,female
Freifrau von Plaje,female
Freifrau von Neige,female
Freifrau von Tempete,female
Gr채fin von Aurore,female
Baronin von Foret,female
Freifrau von Ciel,female
Baronin von Lelac,female
Freifrau von Maree,female
Baronin von Paysage,female
Freifrau von Greve,female
Gr채fin von Houle,female
Baronin von Manson,female
Comtess von Aigul,female
Freiin von Guerre,female
Freiin von Lamer,female
Freiin von Sante,female
Comtess von Montagne,female
Baroness von Lepain,female
Baroness von Poisson,female
Freiin von Glace,female
Freiin von Mouton,female
Freiin von Plaje,female
Freiin von Neige,female
Freiin von Tempete,female
Comtess von Aurore,female
Baroness von Foret,female
Freiin von Ciel,female
Baroness von Lelac,female
Freiin von Maree,female
Baroness von Paysage,female
Freiin von Greve,female
Comtess von Houle,female
Baroness von Manson,female
